;oxygen;chloroph—Éll;net_primary_production;h3;time;depth_gebco
0;319.52197;0.15280706;0.08088586;8400299ffffffff;2022-10-01;145.3536822089292
1;318.76697;0.07219901;0.0;8400299ffffffff;2022-11-01;145.3536822089292
2;327.91318;0.046125706;0.0;8400299ffffffff;2022-12-01;145.3536822089292
3;335.31604;0.03644841;0.0;8400299ffffffff;2023-01-01;145.3536822089292
4;338.14655;0.030494597;0.00034395646;8400299ffffffff;2023-02-01;145.3536822089292
5;342.7449;0.033601146;0.011285502;8400299ffffffff;2023-03-01;145.3536822089292
6;343.97223;0.07043893;0.029477311;8400299ffffffff;2023-04-01;145.3536822089292
7;348.3002;0.08565207;0.47983572;8400299ffffffff;2023-05-01;145.3536822089292
8;350.83475;0.05216713;0.09525829;8400299ffffffff;2023-06-01;145.3536822089292
9;362.01044;1.3468952;27.743797;8400299ffffffff;2023-07-01;145.3536822089292
10;349.6107;1.0524893;11.914819;8400299ffffffff;2023-08-01;145.3536822089292
11;328.70276;0.4604469;2.9083052;8400299ffffffff;2023-09-01;145.3536822089292
12;326.5306;0.1577985;0.058843095;8400299ffffffff;2023-10-01;145.3536822089292
13;318.84372;0.1665646;0.12938042;84002d3ffffffff;2022-10-01;376.1504792108761
14;319.32877;0.08617855;0.0;84002d3ffffffff;2022-11-01;376.1504792108761
15;325.5153;0.05499143;0.0;84002d3ffffffff;2022-12-01;376.1504792108761
16;335.68616;0.042115204;0.0;84002d3ffffffff;2023-01-01;376.1504792108761
17;341.97186;0.035576425;0.000441487;84002d3ffffffff;2023-02-01;376.1504792108761
18;345.84485;0.037013877;0.011646314;84002d3ffffffff;2023-03-01;376.1504792108761
19;344.77472;0.083081834;0.013581992;84002d3ffffffff;2023-04-01;376.1504792108761
20;346.06326;0.064669885;0.07354857;84002d3ffffffff;2023-05-01;376.1504792108761
21;347.8764;0.04367262;0.07617196;84002d3ffffffff;2023-06-01;376.1504792108761
22;361.47507;1.1552514;26.454124;84002d3ffffffff;2023-07-01;376.1504792108761
23;352.71454;0.95850146;12.82664;84002d3ffffffff;2023-08-01;376.1504792108761
24;330.52377;0.55743545;3.8803985;84002d3ffffffff;2023-09-01;376.1504792108761
25;327.422;0.18912436;0.100606434;84002d3ffffffff;2023-10-01;376.1504792108761
26;302.6961;0.16829619;0.24080625;8401425ffffffff;2022-10-01;-1133.3634070553828
27;302.67596;0.06964858;0.0;8401425ffffffff;2022-11-01;-1133.3634070553828
28;304.25433;0.03877884;0.0;8401425ffffffff;2022-12-01;-1133.3634070553828
29;312.66098;0.025605699;0.0;8401425ffffffff;2023-01-01;-1133.3634070553828
30;315.8679;0.02077077;0.0028363795;8401425ffffffff;2023-02-01;-1133.3634070553828
31;316.75388;0.06387196;0.08544518;8401425ffffffff;2023-03-01;-1133.3634070553828
32;322.03256;0.17115143;0.4263292;8401425ffffffff;2023-04-01;-1133.3634070553828
33;323.97327;0.38660404;2.3946743;8401425ffffffff;2023-05-01;-1133.3634070553828
34;332.25787;1.4709625;22.92194;8401425ffffffff;2023-06-01;-1133.3634070553828
35;326.17984;1.2365153;28.770441;8401425ffffffff;2023-07-01;-1133.3634070553828
36;308.6474;0.603339;10.279975;8401425ffffffff;2023-08-01;-1133.3634070553828
37;300.9156;0.40461856;3.420649;8401425ffffffff;2023-09-01;-1133.3634070553828
38;304.99008;0.18581977;0.28880093;8401425ffffffff;2023-10-01;-1133.3634070553828
39;302.756;0.16458587;0.23398505;8401427ffffffff;2022-10-01;-1166.9637883008356
40;303.5549;0.06809695;0.0;8401427ffffffff;2022-11-01;-1166.9637883008356
41;304.6909;0.03885658;0.0;8401427ffffffff;2022-12-01;-1166.9637883008356
42;313.1433;0.025443248;0.0;8401427ffffffff;2023-01-01;-1166.9637883008356
43;315.5008;0.020556752;0.002071635;8401427ffffffff;2023-02-01;-1166.9637883008356
44;318.05908;0.060263105;0.10880565;8401427ffffffff;2023-03-01;-1166.9637883008356
45;321.3637;0.14714721;0.28244892;8401427ffffffff;2023-04-01;-1166.9637883008356
46;325.06244;0.3682444;2.2994683;8401427ffffffff;2023-05-01;-1166.9637883008356
47;331.5493;1.4228891;21.290598;8401427ffffffff;2023-06-01;-1166.9637883008356
48;326.38907;1.2182721;28.923145;8401427ffffffff;2023-07-01;-1166.9637883008356
49;309.64465;0.6036464;10.645852;8401427ffffffff;2023-08-01;-1166.9637883008356
50;301.5279;0.38715795;3.1585982;8401427ffffffff;2023-09-01;-1166.9637883008356
51;307.2919;0.18335156;0.24758552;8401427ffffffff;2023-10-01;-1166.9637883008356
52;304.41443;0.1718747;0.23827963;840142dffffffff;2022-10-01;-1694.9833238474673
53;303.14102;0.07334793;0.0;840142dffffffff;2022-11-01;-1694.9833238474673
54;304.13095;0.039188635;0.0;840142dffffffff;2022-12-01;-1694.9833238474673
55;314.7813;0.02543359;0.0;840142dffffffff;2023-01-01;-1694.9833238474673
56;318.10324;0.020476818;0.0034513231;840142dffffffff;2023-02-01;-1694.9833238474673
57;318.8579;0.06860807;0.103329055;840142dffffffff;2023-03-01;-1694.9833238474673
58;324.38623;0.21298307;0.6921752;840142dffffffff;2023-04-01;-1694.9833238474673
59;325.40036;0.43175614;2.8449986;840142dffffffff;2023-05-01;-1694.9833238474673
60;337.43307;1.5796747;24.513132;840142dffffffff;2023-06-01;-1694.9833238474673
61;328.77634;1.1684269;25.899773;840142dffffffff;2023-07-01;-1694.9833238474673
62;307.90317;0.6071183;9.793975;840142dffffffff;2023-08-01;-1694.9833238474673
63;302.07562;0.41125116;3.5667794;840142dffffffff;2023-09-01;-1694.9833238474673
64;306.0659;0.19212286;0.31834656;840142dffffffff;2023-10-01;-1694.9833238474673
65;309.12186;0.19827355;0.38026193;8401465ffffffff;2022-10-01;-2109.409953619947
66;304.23224;0.07523771;0.0;8401465ffffffff;2022-11-01;-2109.409953619947
67;309.06104;0.04067299;0.0;8401465ffffffff;2022-12-01;-2109.409953619947
68;317.6179;0.02496875;0.0;8401465ffffffff;2023-01-01;-2109.409953619947
69;320.5274;0.020360202;0.003335085;8401465ffffffff;2023-02-01;-2109.409953619947
70;323.36133;0.062187504;0.11114332;8401465ffffffff;2023-03-01;-2109.409953619947
71;327.6402;0.20793727;0.8186542;8401465ffffffff;2023-04-01;-2109.409953619947
72;329.71545;0.35134798;2.2433522;8401465ffffffff;2023-05-01;-2109.409953619947
73;337.79523;1.4577938;22.373228;8401465ffffffff;2023-06-01;-2109.409953619947
74;330.86694;1.1564554;22.697964;8401465ffffffff;2023-07-01;-2109.409953619947
75;310.13397;0.61801744;9.79945;8401465ffffffff;2023-08-01;-2109.409953619947
76;307.43536;0.41539082;3.5240011;8401465ffffffff;2023-09-01;-2109.409953619947
77;311.9532;0.1910898;0.29482058;8401465ffffffff;2023-10-01;-2109.409953619947
78;309.57617;0.19263354;0.32364112;8401467ffffffff;2022-10-01;-2203.5131514856307
79;308.0125;0.07307499;0.0;8401467ffffffff;2022-11-01;-2203.5131514856307
80;306.65347;0.041403804;0.0;8401467ffffffff;2022-12-01;-2203.5131514856307
81;315.46768;0.024991315;0.0;8401467ffffffff;2023-01-01;-2203.5131514856307
82;320.13992;0.020073187;0.0027006972;8401467ffffffff;2023-02-01;-2203.5131514856307
83;324.42398;0.05968318;0.10622237;8401467ffffffff;2023-03-01;-2203.5131514856307
84;328.7506;0.2211997;0.87372696;8401467ffffffff;2023-04-01;-2203.5131514856307
85;330.74738;0.3589937;2.417803;8401467ffffffff;2023-05-01;-2203.5131514856307
86;342.37292;1.5482315;23.124178;8401467ffffffff;2023-06-01;-2203.5131514856307
87;333.20123;1.0841322;22.486752;8401467ffffffff;2023-07-01;-2203.5131514856307
88;312.08484;0.6124228;9.764132;8401467ffffffff;2023-08-01;-2203.5131514856307
89;309.49783;0.40882927;3.3850367;8401467ffffffff;2023-09-01;-2203.5131514856307
90;313.5945;0.1870589;0.27277768;8401467ffffffff;2023-10-01;-2203.5131514856307
91;308.94254;0.21111731;0.4972539;840146dffffffff;2022-10-01;-2198.8079361832683
92;307.25125;0.0728424;0.0;840146dffffffff;2022-11-01;-2198.8079361832683
93;312.12338;0.03731693;0.0;840146dffffffff;2022-12-01;-2198.8079361832683
94;318.72516;0.024869729;0.0;840146dffffffff;2023-01-01;-2198.8079361832683
95;321.68744;0.020715112;0.0039166794;840146dffffffff;2023-02-01;-2198.8079361832683
96;322.9111;0.06373007;0.10097686;840146dffffffff;2023-03-01;-2198.8079361832683
97;325.21048;0.2037036;0.77824247;840146dffffffff;2023-04-01;-2198.8079361832683
98;328.70505;0.38173681;2.4484305;840146dffffffff;2023-05-01;-2198.8079361832683
99;339.30923;1.4362291;22.127579;840146dffffffff;2023-06-01;-2198.8079361832683
100;328.17377;1.1603744;20.76441;840146dffffffff;2023-07-01;-2198.8079361832683
101;311.19666;0.6367277;10.090605;840146dffffffff;2023-08-01;-2198.8079361832683
102;307.36053;0.42131028;3.6005673;840146dffffffff;2023-09-01;-2198.8079361832683
103;311.897;0.19634983;0.33542866;840146dffffffff;2023-10-01;-2198.8079361832683
104;336.37018;0.18024895;0.20522442;8401501ffffffff;2022-10-01;333.91011235955057
105;339.85938;0.10022688;0.0;8401501ffffffff;2022-11-01;333.91011235955057
106;344.8473;0.060814537;0.0;8401501ffffffff;2022-12-01;333.91011235955057
107;352.20148;0.04205118;0.0;8401501ffffffff;2023-01-01;333.91011235955057
108;353.67657;0.032836944;0.009032814;8401501ffffffff;2023-02-01;333.91011235955057
109;354.58557;0.038180288;0.031540547;8401501ffffffff;2023-03-01;333.91011235955057
110;353.03387;0.20606552;1.2229975;8401501ffffffff;2023-04-01;333.91011235955057
111;360.9746;0.71410394;8.945431;8401501ffffffff;2023-05-01;333.91011235955057
112;362.15332;1.328211;28.351517;8401501ffffffff;2023-06-01;333.91011235955057
113;353.9538;0.9258355;14.366222;8401501ffffffff;2023-07-01;333.91011235955057
114;336.7566;0.49706778;7.4005203;8401501ffffffff;2023-08-01;333.91011235955057
115;337.1366;0.3885989;3.1979828;8401501ffffffff;2023-09-01;333.91011235955057
116;337.05035;0.22415137;0.30121243;8401501ffffffff;2023-10-01;333.91011235955057
117;332.85205;0.2954894;0.35629514;8401503ffffffff;2022-10-01;314.93651298663735
118;335.6546;0.13509645;0.0;8401503ffffffff;2022-11-01;314.93651298663735
119;336.75348;0.08686658;0.0;8401503ffffffff;2022-12-01;314.93651298663735
120;340.54385;0.063316934;0.0;8401503ffffffff;2023-01-01;314.93651298663735
121;343.49155;0.05104925;0.0012369317;8401503ffffffff;2023-02-01;314.93651298663735
122;342.11063;0.07262623;0.08031898;8401503ffffffff;2023-03-01;314.93651298663735
123;346.56625;0.21954302;1.0752435;8401503ffffffff;2023-04-01;314.93651298663735
124;359.28156;0.7794986;10.387934;8401503ffffffff;2023-05-01;314.93651298663735
125;374.145;1.3928013;22.709818;8401503ffffffff;2023-06-01;314.93651298663735
126;362.12408;1.1223693;19.771345;8401503ffffffff;2023-07-01;314.93651298663735
127;345.99316;0.7044579;8.384995;8401503ffffffff;2023-08-01;314.93651298663735
128;335.8427;0.56906885;3.8801737;8401503ffffffff;2023-09-01;314.93651298663735
129;339.17114;0.35642463;0.5031092;8401503ffffffff;2023-10-01;314.93651298663735
130;336.5187;0.17459457;0.06482883;8401507ffffffff;2022-10-01;449.7418800866124
131;343.3581;0.11370169;0.0;8401507ffffffff;2022-11-01;449.7418800866124
132;348.5454;0.06513931;0.0;8401507ffffffff;2022-12-01;449.7418800866124
133;354.6876;0.043335382;0.0;8401507ffffffff;2023-01-01;449.7418800866124
134;360.46173;0.035455104;0.003407454;8401507ffffffff;2023-02-01;449.7418800866124
135;361.91962;0.043306112;0.056845464;8401507ffffffff;2023-03-01;449.7418800866124
136;359.1571;0.111470506;0.31041208;8401507ffffffff;2023-04-01;449.7418800866124
137;360.87326;0.27757388;1.6152554;8401507ffffffff;2023-05-01;449.7418800866124
138;356.87103;0.89755565;8.946769;8401507ffffffff;2023-06-01;449.7418800866124
139;354.06882;0.9935979;6.59482;8401507ffffffff;2023-07-01;449.7418800866124
140;334.36108;0.27329934;1.6239027;8401507ffffffff;2023-08-01;449.7418800866124
141;328.31668;0.3055735;0.97194636;8401507ffffffff;2023-09-01;449.7418800866124
142;338.4358;0.23767406;0.14700499;8401507ffffffff;2023-10-01;449.7418800866124
143;327.10352;0.22520909;0.22602782;8401509ffffffff;2022-10-01;176.1668359964287
144;334.98685;0.12433892;0.0;8401509ffffffff;2022-11-01;176.1668359964287
145;342.06174;0.072675474;0.0;8401509ffffffff;2022-12-01;176.1668359964287
146;353.35257;0.043990996;0.0;8401509ffffffff;2023-01-01;176.1668359964287
147;357.6822;0.034861144;0.007127093;8401509ffffffff;2023-02-01;176.1668359964287
148;355.7541;0.05131027;0.10953777;8401509ffffffff;2023-03-01;176.1668359964287
149;357.0664;0.17456414;1.0453;8401509ffffffff;2023-04-01;176.1668359964287
150;359.33472;0.4823354;4.3362775;8401509ffffffff;2023-05-01;176.1668359964287
151;355.81934;1.1560159;18.248613;8401509ffffffff;2023-06-01;176.1668359964287
152;341.03192;1.1210098;14.68758;8401509ffffffff;2023-07-01;176.1668359964287
153;325.49954;0.6534397;6.1046996;8401509ffffffff;2023-08-01;176.1668359964287
154;320.41727;0.52737415;2.8238378;8401509ffffffff;2023-09-01;176.1668359964287
155;331.52332;0.30652988;0.3278174;8401509ffffffff;2023-10-01;176.1668359964287
156;317.85498;0.23471683;0.37341607;840150bffffffff;2022-10-01;364.1984661933435
157;322.78604;0.1143593;0.0;840150bffffffff;2022-11-01;364.1984661933435
158;326.95334;0.07227773;0.0;840150bffffffff;2022-12-01;364.1984661933435
159;344.8771;0.05068093;0.0;840150bffffffff;2023-01-01;364.1984661933435
160;349.94116;0.03527492;0.008677757;840150bffffffff;2023-02-01;364.1984661933435
161;349.42618;0.07134473;0.3697002;840150bffffffff;2023-03-01;364.1984661933435
162;350.21823;0.35130778;3.4687214;840150bffffffff;2023-04-01;364.1984661933435
163;353.13742;0.6375227;8.200128;840150bffffffff;2023-05-01;364.1984661933435
164;357.0308;1.7021483;31.249933;840150bffffffff;2023-06-01;364.1984661933435
165;349.34473;1.4386228;27.59202;840150bffffffff;2023-07-01;364.1984661933435
166;327.01077;0.7479847;11.169196;840150bffffffff;2023-08-01;364.1984661933435
167;320.13055;0.476856;4.7632537;840150bffffffff;2023-09-01;364.1984661933435
168;323.9768;0.28453812;0.4971557;840150bffffffff;2023-10-01;364.1984661933435
169;335.43097;0.18604298;0.31473845;840150dffffffff;2022-10-01;-48.950673931746486
170;339.2989;0.095361166;0.0;840150dffffffff;2022-11-01;-48.950673931746486
171;344.10092;0.05603359;0.0;840150dffffffff;2022-12-01;-48.950673931746486
172;353.22388;0.039681688;0.0;840150dffffffff;2023-01-01;-48.950673931746486
173;351.8586;0.030874968;0.010845423;840150dffffffff;2023-02-01;-48.950673931746486
174;350.66714;0.04015684;0.02509334;840150dffffffff;2023-03-01;-48.950673931746486
175;353.2057;0.2472931;1.8745865;840150dffffffff;2023-04-01;-48.950673931746486
176;361.64716;0.82180893;11.756748;840150dffffffff;2023-05-01;-48.950673931746486
177;365.34467;1.5792317;39.242897;840150dffffffff;2023-06-01;-48.950673931746486
178;350.42902;1.035016;19.681934;840150dffffffff;2023-07-01;-48.950673931746486
179;333.9372;0.62282944;11.863092;840150dffffffff;2023-08-01;-48.950673931746486
180;330.40457;0.43991667;4.936775;840150dffffffff;2023-09-01;-48.950673931746486
181;335.10114;0.2188639;0.37491417;840150dffffffff;2023-10-01;-48.950673931746486
182;312.6939;0.18454601;0.25652444;8401511ffffffff;2022-10-01;-79.8650928924493
183;314.0618;0.07712308;0.0;8401511ffffffff;2022-11-01;-79.8650928924493
184;318.02203;0.04711027;0.0;8401511ffffffff;2022-12-01;-79.8650928924493
185;326.9507;0.034522507;0.0;8401511ffffffff;2023-01-01;-79.8650928924493
186;334.08273;0.027972294;0.0038805695;8401511ffffffff;2023-02-01;-79.8650928924493
187;338.66443;0.08817036;0.36374328;8401511ffffffff;2023-03-01;-79.8650928924493
188;341.14236;0.42592907;2.6056135;8401511ffffffff;2023-04-01;-79.8650928924493
189;345.38947;0.7410877;6.607837;8401511ffffffff;2023-05-01;-79.8650928924493
190;352.51706;1.8892757;35.458214;8401511ffffffff;2023-06-01;-79.8650928924493
191;343.88477;1.3083987;38.01383;8401511ffffffff;2023-07-01;-79.8650928924493
192;319.04364;0.61243397;13.4487705;8401511ffffffff;2023-08-01;-79.8650928924493
193;317.24875;0.55429566;6.417705;8401511ffffffff;2023-09-01;-79.8650928924493
194;321.48514;0.23063412;0.49090004;8401511ffffffff;2023-10-01;-79.8650928924493
195;312.11197;0.17476796;0.24489558;8401513ffffffff;2022-10-01;-205.00807566790198
196;312.85214;0.067065306;0.0;8401513ffffffff;2022-11-01;-205.00807566790198
197;313.892;0.040787973;0.0;8401513ffffffff;2022-12-01;-205.00807566790198
198;318.38306;0.030234648;0.0;8401513ffffffff;2023-01-01;-205.00807566790198
199;323.395;0.024832323;0.0019705284;8401513ffffffff;2023-02-01;-205.00807566790198
200;328.48322;0.068896785;0.20031428;8401513ffffffff;2023-03-01;-205.00807566790198
201;329.73117;0.27908498;1.3634194;8401513ffffffff;2023-04-01;-205.00807566790198
202;333.5364;0.49547806;4.2411885;8401513ffffffff;2023-05-01;-205.00807566790198
203;341.79468;1.6073405;27.476816;8401513ffffffff;2023-06-01;-205.00807566790198
204;338.50952;1.226038;32.377052;8401513ffffffff;2023-07-01;-205.00807566790198
205;314.302;0.6424418;12.321831;8401513ffffffff;2023-08-01;-205.00807566790198
206;310.41336;0.45785427;4.3161173;8401513ffffffff;2023-09-01;-205.00807566790198
207;319.9239;0.23079589;0.45998305;8401513ffffffff;2023-10-01;-205.00807566790198
208;321.5079;0.2578649;0.32426023;8401515ffffffff;2022-10-01;151.66337524966946
209;322.69562;0.12100112;0.0;8401515ffffffff;2022-11-01;151.66337524966946
210;326.30762;0.072925024;0.0;8401515ffffffff;2022-12-01;151.66337524966946
211;335.53583;0.04912958;0.0;8401515ffffffff;2023-01-01;151.66337524966946
212;342.21857;0.039080832;0.003538253;8401515ffffffff;2023-02-01;151.66337524966946
213;342.9192;0.071841635;0.19917522;8401515ffffffff;2023-03-01;151.66337524966946
214;347.8679;0.40262705;3.0900214;8401515ffffffff;2023-04-01;151.66337524966946
215;356.16754;0.9086789;11.49575;8401515ffffffff;2023-05-01;151.66337524966946
216;362.9282;1.5881122;26.86648;8401515ffffffff;2023-06-01;151.66337524966946
217;355.10638;1.330445;26.94926;8401515ffffffff;2023-07-01;151.66337524966946
218;336.6863;0.7409214;10.196983;8401515ffffffff;2023-08-01;151.66337524966946
219;327.8417;0.5621253;4.3967786;8401515ffffffff;2023-09-01;151.66337524966946
220;329.00882;0.31885287;0.49506775;8401515ffffffff;2023-10-01;151.66337524966946
221;315.80368;0.177609;0.18470441;8401517ffffffff;2022-10-01;-87.01717818261393
222;315.91547;0.08529658;0.0;8401517ffffffff;2022-11-01;-87.01717818261393
223;318.03677;0.05245382;0.0;8401517ffffffff;2022-12-01;-87.01717818261393
224;324.70218;0.03652021;0.0;8401517ffffffff;2023-01-01;-87.01717818261393
225;329.46564;0.028716432;0.0022159088;8401517ffffffff;2023-02-01;-87.01717818261393
226;332.87637;0.067811415;0.24494569;8401517ffffffff;2023-03-01;-87.01717818261393
227;338.3358;0.31988528;1.9096099;8401517ffffffff;2023-04-01;-87.01717818261393
228;343.02637;0.66671836;6.4626317;8401517ffffffff;2023-05-01;-87.01717818261393
229;352.12408;1.7247514;29.170332;8401517ffffffff;2023-06-01;-87.01717818261393
230;345.5441;1.1718504;27.564955;8401517ffffffff;2023-07-01;-87.01717818261393
231;323.664;0.56813234;9.554297;8401517ffffffff;2023-08-01;-87.01717818261393
232;317.17435;0.46933192;4.5002246;8401517ffffffff;2023-09-01;-87.01717818261393
233;320.35593;0.22638981;0.41024423;8401517ffffffff;2023-10-01;-87.01717818261393
234;308.01642;0.17692088;0.26379967;8401519ffffffff;2022-10-01;-173.3450064850843
235;310.1114;0.06754903;0.0;8401519ffffffff;2022-11-01;-173.3450064850843
236;313.0759;0.042120483;0.0;8401519ffffffff;2022-12-01;-173.3450064850843
237;320.41022;0.03134545;0.0;8401519ffffffff;2023-01-01;-173.3450064850843
238;326.7231;0.025829628;0.0029664359;8401519ffffffff;2023-02-01;-173.3450064850843
239;331.24432;0.09073705;0.32167688;8401519ffffffff;2023-03-01;-173.3450064850843
240;334.335;0.33179164;1.4687012;8401519ffffffff;2023-04-01;-173.3450064850843
241;334.89923;0.48971826;3.2679963;8401519ffffffff;2023-05-01;-173.3450064850843
242;345.0079;1.6639922;29.430698;8401519ffffffff;2023-06-01;-173.3450064850843
243;338.51102;1.2944448;34.33963;8401519ffffffff;2023-07-01;-173.3450064850843
244;317.5335;0.6304409;13.196055;8401519ffffffff;2023-08-01;-173.3450064850843
245;313.96988;0.51662284;5.360793;8401519ffffffff;2023-09-01;-173.3450064850843
246;318.24097;0.22011736;0.42554384;8401519ffffffff;2023-10-01;-173.3450064850843
247;305.2957;0.16945116;0.24127345;840151bffffffff;2022-10-01;-275.5660661094884
248;307.57025;0.06622967;0.0;840151bffffffff;2022-11-01;-275.5660661094884
249;309.027;0.038850456;0.0;840151bffffffff;2022-12-01;-275.5660661094884
250;316.43213;0.02754201;0.0;840151bffffffff;2023-01-01;-275.5660661094884
251;318.9494;0.021938603;0.002249194;840151bffffffff;2023-02-01;-275.5660661094884
252;323.86777;0.065708764;0.15757252;840151bffffffff;2023-03-01;-275.5660661094884
253;326.1744;0.20840323;0.6984981;840151bffffffff;2023-04-01;-275.5660661094884
254;327.95575;0.37344354;2.380194;840151bffffffff;2023-05-01;-275.5660661094884
255;335.0262;1.514581;24.474955;840151bffffffff;2023-06-01;-275.5660661094884
256;332.17496;1.255593;32.025616;840151bffffffff;2023-07-01;-275.5660661094884
257;311.74966;0.63093936;11.766267;840151bffffffff;2023-08-01;-275.5660661094884
258;308.59018;0.44762108;4.081675;840151bffffffff;2023-09-01;-275.5660661094884
259;315.23654;0.2134417;0.39661998;840151bffffffff;2023-10-01;-275.5660661094884
260;311.7126;0.21647403;0.26567337;840151dffffffff;2022-10-01;-12.542517800863779
261;317.4716;0.10485453;0.0;840151dffffffff;2022-11-01;-12.542517800863779
262;323.0857;0.06670094;0.0;840151dffffffff;2022-12-01;-12.542517800863779
263;333.13516;0.050019577;0.0;840151dffffffff;2023-01-01;-12.542517800863779
264;342.14014;0.040502608;0.0027552773;840151dffffffff;2023-02-01;-12.542517800863779
265;342.75888;0.084496506;0.23438933;840151dffffffff;2023-03-01;-12.542517800863779
266;345.30225;0.30449313;1.742678;840151dffffffff;2023-04-01;-12.542517800863779
267;348.18597;0.54628015;5.581103;840151dffffffff;2023-05-01;-12.542517800863779
268;351.2978;1.3019947;24.765545;840151dffffffff;2023-06-01;-12.542517800863779
269;338.5875;0.9881414;23.566364;840151dffffffff;2023-07-01;-12.542517800863779
270;320.9331;0.6191713;10.003729;840151dffffffff;2023-08-01;-12.542517800863779
271;315.61896;0.5568676;4.7599397;840151dffffffff;2023-09-01;-12.542517800863779
272;321.98532;0.32185757;0.38119578;840151dffffffff;2023-10-01;-12.542517800863779
273;312.9597;0.20060562;0.46352023;8401541ffffffff;2022-10-01;-177.20433076587705
274;319.1448;0.077438675;0.0;8401541ffffffff;2022-11-01;-177.20433076587705
275;324.16943;0.043320708;0.0;8401541ffffffff;2022-12-01;-177.20433076587705
276;325.22037;0.029202322;0.0;8401541ffffffff;2023-01-01;-177.20433076587705
277;329.9361;0.024146412;0.008043604;8401541ffffffff;2023-02-01;-177.20433076587705
278;335.56863;0.070785485;0.15472601;8401541ffffffff;2023-03-01;-177.20433076587705
279;349.1862;0.42226645;3.2711284;8401541ffffffff;2023-04-01;-177.20433076587705
280;342.7908;0.6255155;5.317243;8401541ffffffff;2023-05-01;-177.20433076587705
281;346.53735;1.7327931;35.28337;8401541ffffffff;2023-06-01;-177.20433076587705
282;330.4186;1.2348479;22.528475;8401541ffffffff;2023-07-01;-177.20433076587705
283;317.08954;0.7454893;11.659154;8401541ffffffff;2023-08-01;-177.20433076587705
284;311.2751;0.5134403;5.1857147;8401541ffffffff;2023-09-01;-177.20433076587705
285;319.38162;0.21132715;0.40870658;8401541ffffffff;2023-10-01;-177.20433076587705
286;319.80792;0.20885281;0.44811815;8401543ffffffff;2022-10-01;-46.710111213791784
287;329.67523;0.09183529;0.0;8401543ffffffff;2022-11-01;-46.710111213791784
288;337.28995;0.052747514;0.0;8401543ffffffff;2022-12-01;-46.710111213791784
289;344.5611;0.03527063;0.0;8401543ffffffff;2023-01-01;-46.710111213791784
290;347.88684;0.02918642;0.013020066;8401543ffffffff;2023-02-01;-46.710111213791784
291;348.28226;0.06207235;0.21287812;8401543ffffffff;2023-03-01;-46.710111213791784
292;353.23083;0.37353712;3.5406578;8401543ffffffff;2023-04-01;-46.710111213791784
293;352.27936;0.78594613;8.525739;8401543ffffffff;2023-05-01;-46.710111213791784
294;351.6611;1.7969055;39.25314;8401543ffffffff;2023-06-01;-46.710111213791784
295;335.3431;1.4253631;28.128908;8401543ffffffff;2023-07-01;-46.710111213791784
296;320.72858;0.89048386;13.811899;8401543ffffffff;2023-08-01;-46.710111213791784
297;315.03366;0.59907025;5.8694406;8401543ffffffff;2023-09-01;-46.710111213791784
298;328.29153;0.24539784;0.5330894;8401543ffffffff;2023-10-01;-46.710111213791784
299;329.2602;0.19357957;0.3849745;8401547ffffffff;2022-10-01;9.597205688866612
300;336.40964;0.0893291;0.0;8401547ffffffff;2022-11-01;9.597205688866612
301;340.7099;0.05286561;0.0;8401547ffffffff;2022-12-01;9.597205688866612
302;348.63235;0.036836114;0.0;8401547ffffffff;2023-01-01;9.597205688866612
303;348.92062;0.02878946;0.012150724;8401547ffffffff;2023-02-01;9.597205688866612
304;346.36746;0.0505504;0.050055433;8401547ffffffff;2023-03-01;9.597205688866612
305;353.33548;0.32960695;2.7969675;8401547ffffffff;2023-04-01;9.597205688866612
306;356.1199;0.8738467;10.191272;8401547ffffffff;2023-05-01;9.597205688866612
307;356.34595;1.7574309;39.450424;8401547ffffffff;2023-06-01;9.597205688866612
308;341.54434;1.1396244;21.269361;8401547ffffffff;2023-07-01;9.597205688866612
309;325.45712;0.7525713;12.961146;8401547ffffffff;2023-08-01;9.597205688866612
310;319.20224;0.49804327;5.4259872;8401547ffffffff;2023-09-01;9.597205688866612
311;332.0228;0.22069448;0.4413743;8401547ffffffff;2023-10-01;9.597205688866612
312;306.7236;0.19654363;0.43500212;8401549ffffffff;2022-10-01;-358.6046629498226
313;308.3374;0.07068501;6.9911e-10;8401549ffffffff;2022-11-01;-358.6046629498226
314;309.2451;0.03824518;0.0;8401549ffffffff;2022-12-01;-358.6046629498226
315;312.37918;0.026302235;0.0;8401549ffffffff;2023-01-01;-358.6046629498226
316;316.80258;0.021508701;0.0052104513;8401549ffffffff;2023-02-01;-358.6046629498226
317;320.26428;0.06063409;0.14590809;8401549ffffffff;2023-03-01;-358.6046629498226
318;332.06354;0.35416472;2.113425;8401549ffffffff;2023-04-01;-358.6046629498226
319;326.24295;0.3255128;1.5278801;8401549ffffffff;2023-05-01;-358.6046629498226
320;335.1031;1.5987977;30.691807;8401549ffffffff;2023-06-01;-358.6046629498226
321;324.77548;1.1760201;20.741728;8401549ffffffff;2023-07-01;-358.6046629498226
322;311.6451;0.6721903;10.52495;8401549ffffffff;2023-08-01;-358.6046629498226
323;306.61456;0.4482193;4.1288;8401549ffffffff;2023-09-01;-358.6046629498226
324;308.38214;0.199073;0.35376406;8401549ffffffff;2023-10-01;-358.6046629498226
325;305.89648;0.18999353;0.41567612;840154bffffffff;2022-10-01;-316.3105334255873
326;307.2855;0.07204825;0.0;840154bffffffff;2022-11-01;-316.3105334255873
327;311.87445;0.0398242;0.0;840154bffffffff;2022-12-01;-316.3105334255873
328;314.8793;0.026954675;0.0;840154bffffffff;2023-01-01;-316.3105334255873
329;318.63803;0.02223051;0.0060118367;840154bffffffff;2023-02-01;-316.3105334255873
330;327.9643;0.075517;0.19321628;840154bffffffff;2023-03-01;-316.3105334255873
331;330.83505;0.3590464;1.8726652;840154bffffffff;2023-04-01;-316.3105334255873
332;328.01547;0.44151092;2.6632123;840154bffffffff;2023-05-01;-316.3105334255873
333;333.00558;1.5259063;27.767683;840154bffffffff;2023-06-01;-316.3105334255873
334;326.36014;1.2176926;22.502884;840154bffffffff;2023-07-01;-316.3105334255873
335;312.22797;0.65099084;10.499583;840154bffffffff;2023-08-01;-316.3105334255873
336;305.5997;0.46982187;4.5155106;840154bffffffff;2023-09-01;-316.3105334255873
337;310.57797;0.19681692;0.35655314;840154bffffffff;2023-10-01;-316.3105334255873
338;308.09363;0.20901796;0.52308524;840154dffffffff;2022-10-01;-305.45317015128336
339;309.85126;0.0718518;0.0;840154dffffffff;2022-11-01;-305.45317015128336
340;309.61108;0.03655226;0.0;840154dffffffff;2022-12-01;-305.45317015128336
341;312.25275;0.025612568;0.0;840154dffffffff;2023-01-01;-305.45317015128336
342;318.01825;0.02168986;0.0042042965;840154dffffffff;2023-02-01;-305.45317015128336
343;322.29852;0.07247156;0.17616841;840154dffffffff;2023-03-01;-305.45317015128336
344;330.63538;0.3178314;1.4735606;840154dffffffff;2023-04-01;-305.45317015128336
345;325.80814;0.35784563;1.8780572;840154dffffffff;2023-05-01;-305.45317015128336
346;336.27145;1.617925;32.216614;840154dffffffff;2023-06-01;-305.45317015128336
347;326.3994;1.1732831;19.737926;840154dffffffff;2023-07-01;-305.45317015128336
348;313.95398;0.72587216;11.057152;840154dffffffff;2023-08-01;-305.45317015128336
349;306.659;0.46150905;4.235173;840154dffffffff;2023-09-01;-305.45317015128336
350;308.7195;0.19046363;0.30601346;840154dffffffff;2023-10-01;-305.45317015128336
351;302.7414;0.1749298;0.29440138;8401551ffffffff;2022-10-01;-555.1860078952316
352;303.63217;0.06808193;0.0;8401551ffffffff;2022-11-01;-555.1860078952316
353;308.88815;0.040331956;0.0;8401551ffffffff;2022-12-01;-555.1860078952316
354;314.2826;0.027064798;0.0;8401551ffffffff;2023-01-01;-555.1860078952316
355;317.56125;0.022088822;0.0040249676;8401551ffffffff;2023-02-01;-555.1860078952316
356;322.56247;0.08730931;0.28898394;8401551ffffffff;2023-03-01;-555.1860078952316
357;325.5315;0.3004859;1.274957;8401551ffffffff;2023-04-01;-555.1860078952316
358;324.0572;0.46061495;2.8053918;8401551ffffffff;2023-05-01;-555.1860078952316
359;331.36966;1.4471534;24.163147;8401551ffffffff;2023-06-01;-555.1860078952316
360;324.58682;1.2652625;29.061577;8401551ffffffff;2023-07-01;-555.1860078952316
361;307.35452;0.6064468;10.159628;8401551ffffffff;2023-08-01;-555.1860078952316
362;302.77094;0.44239885;4.1876135;8401551ffffffff;2023-09-01;-555.1860078952316
363;307.09827;0.19054566;0.35204425;8401551ffffffff;2023-10-01;-555.1860078952316
364;303.10132;0.171933;0.26650774;8401553ffffffff;2022-10-01;-586.8347743729187
365;304.02942;0.06730968;0.0;8401553ffffffff;2022-11-01;-586.8347743729187
366;308.14035;0.039238956;0.0;8401553ffffffff;2022-12-01;-586.8347743729187
367;314.3476;0.02687369;0.0;8401553ffffffff;2023-01-01;-586.8347743729187
368;317.8617;0.022261826;0.0035000117;8401553ffffffff;2023-02-01;-586.8347743729187
369;320.22342;0.07572099;0.15634277;8401553ffffffff;2023-03-01;-586.8347743729187
370;323.9831;0.22063641;0.79877526;8401553ffffffff;2023-04-01;-586.8347743729187
371;324.70328;0.43538877;2.6945221;8401553ffffffff;2023-05-01;-586.8347743729187
372;333.08514;1.474458;24.497107;8401553ffffffff;2023-06-01;-586.8347743729187
373;328.4863;1.2876709;31.52733;8401553ffffffff;2023-07-01;-586.8347743729187
374;310.0704;0.601911;10.760062;8401553ffffffff;2023-08-01;-586.8347743729187
375;303.81955;0.43104506;3.9768877;8401553ffffffff;2023-09-01;-586.8347743729187
376;307.5465;0.1919805;0.33973873;8401553ffffffff;2023-10-01;-586.8347743729187
377;316.2008;0.20975026;0.41823623;8401555ffffffff;2022-10-01;-99.01698546764378
378;320.2402;0.0862025;0.0;8401555ffffffff;2022-11-01;-99.01698546764378
379;327.78516;0.05110621;0.0;8401555ffffffff;2022-12-01;-99.01698546764378
380;341.2436;0.0373861;0.0;8401555ffffffff;2023-01-01;-99.01698546764378
381;342.53268;0.029249847;0.0074907946;8401555ffffffff;2023-02-01;-99.01698546764378
382;345.16782;0.08122904;0.37833977;8401555ffffffff;2023-03-01;-99.01698546764378
383;348.79514;0.4249487;3.1896667;8401555ffffffff;2023-04-01;-99.01698546764378
384;346.072;0.6045014;4.5621142;8401555ffffffff;2023-05-01;-99.01698546764378
385;350.35013;1.7350861;35.084084;8401555ffffffff;2023-06-01;-99.01698546764378
386;340.47314;1.5836273;36.713272;8401555ffffffff;2023-07-01;-99.01698546764378
387;322.4026;0.84410155;14.927786;8401555ffffffff;2023-08-01;-99.01698546764378
388;316.62863;0.5483261;6.125917;8401555ffffffff;2023-09-01;-99.01698546764378
389;323.90707;0.23892118;0.4813305;8401555ffffffff;2023-10-01;-99.01698546764378
390;309.5773;0.19521178;0.3541258;8401557ffffffff;2022-10-01;-136.72788353863382
391;313.56348;0.07699556;0.0;8401557ffffffff;2022-11-01;-136.72788353863382
392;316.43317;0.04585309;0.0;8401557ffffffff;2022-12-01;-136.72788353863382
393;328.2459;0.036093865;0.0;8401557ffffffff;2023-01-01;-136.72788353863382
394;332.35742;0.027534137;0.005598756;8401557ffffffff;2023-02-01;-136.72788353863382
395;336.57285;0.093510985;0.4452544;8401557ffffffff;2023-03-01;-136.72788353863382
396;337.9032;0.38543576;2.6212034;8401557ffffffff;2023-04-01;-136.72788353863382
397;337.81796;0.6025475;5.5733075;8401557ffffffff;2023-05-01;-136.72788353863382
398;348.8556;1.8448042;35.078125;8401557ffffffff;2023-06-01;-136.72788353863382
399;341.62186;1.3167069;33.739246;8401557ffffffff;2023-07-01;-136.72788353863382
400;318.13867;0.6453906;13.1008215;8401557ffffffff;2023-08-01;-136.72788353863382
401;317.329;0.51532054;5.808735;8401557ffffffff;2023-09-01;-136.72788353863382
402;318.8177;0.22467296;0.44537365;8401557ffffffff;2023-10-01;-136.72788353863382
403;301.83105;0.18576209;0.33622196;8401559ffffffff;2022-10-01;-1657.770505627088
404;299.72592;0.07815503;0.0;8401559ffffffff;2022-11-01;-1657.770505627088
405;305.39404;0.041899156;0.0;8401559ffffffff;2022-12-01;-1657.770505627088
406;314.5024;0.025431722;0.0;8401559ffffffff;2023-01-01;-1657.770505627088
407;315.1994;0.02113426;0.004442276;8401559ffffffff;2023-02-01;-1657.770505627088
408;317.16824;0.081714265;0.15883718;8401559ffffffff;2023-03-01;-1657.770505627088
409;321.49472;0.2620865;1.0481083;8401559ffffffff;2023-04-01;-1657.770505627088
410;323.77777;0.47003368;2.849498;8401559ffffffff;2023-05-01;-1657.770505627088
411;327.83072;1.3471315;20.3972;8401559ffffffff;2023-06-01;-1657.770505627088
412;319.85052;1.1909369;24.913126;8401559ffffffff;2023-07-01;-1657.770505627088
413;305.0198;0.59911555;9.44674;8401559ffffffff;2023-08-01;-1657.770505627088
414;299.28314;0.42267352;3.7715127;8401559ffffffff;2023-09-01;-1657.770505627088
415;302.12192;0.19046676;0.36644346;8401559ffffffff;2023-10-01;-1657.770505627088
416;304.81378;0.1814681;0.28874388;840155bffffffff;2022-10-01;-1661.2745892557537
417;300.47244;0.07537632;0.0;840155bffffffff;2022-11-01;-1661.2745892557537
418;304.69708;0.04097869;0.0;840155bffffffff;2022-12-01;-1661.2745892557537
419;316.11655;0.025028;0.0;840155bffffffff;2023-01-01;-1661.2745892557537
420;317.87735;0.020672305;0.004112657;840155bffffffff;2023-02-01;-1661.2745892557537
421;319.66727;0.07122203;0.13490303;840155bffffffff;2023-03-01;-1661.2745892557537
422;324.11563;0.24645798;0.8967954;840155bffffffff;2023-04-01;-1661.2745892557537
423;326.8101;0.4328228;2.7664168;840155bffffffff;2023-05-01;-1661.2745892557537
424;334.7276;1.4768788;22.393663;840155bffffffff;2023-06-01;-1661.2745892557537
425;325.02768;1.1978418;26.178988;840155bffffffff;2023-07-01;-1661.2745892557537
426;306.58252;0.60232437;9.661292;840155bffffffff;2023-08-01;-1661.2745892557537
427;302.7275;0.41588536;3.6275744;840155bffffffff;2023-09-01;-1661.2745892557537
428;306.48807;0.19393945;0.32758385;840155bffffffff;2023-10-01;-1661.2745892557537
429;304.3522;0.18286075;0.3569059;840155dffffffff;2022-10-01;-510.538421999486
430;304.43213;0.07200918;0.0;840155dffffffff;2022-11-01;-510.538421999486
431;311.94775;0.041629743;0.0;840155dffffffff;2022-12-01;-510.538421999486
432;315.999;0.02768317;0.0;840155dffffffff;2023-01-01;-510.538421999486
433;317.882;0.022050975;0.0048517575;840155dffffffff;2023-02-01;-510.538421999486
434;329.26898;0.086436875;0.3242538;840155dffffffff;2023-03-01;-510.538421999486
435;327.26498;0.36287257;1.9118185;840155dffffffff;2023-04-01;-510.538421999486
436;325.1239;0.46529996;2.7627084;840155dffffffff;2023-05-01;-510.538421999486
437;330.5566;1.4301176;24.60347;840155dffffffff;2023-06-01;-510.538421999486
438;324.11182;1.222134;25.410322;840155dffffffff;2023-07-01;-510.538421999486
439;308.45306;0.6152274;10.260987;840155dffffffff;2023-08-01;-510.538421999486
440;303.07767;0.4612002;4.557956;840155dffffffff;2023-09-01;-510.538421999486
441;309.28772;0.19357762;0.38282531;840155dffffffff;2023-10-01;-510.538421999486
442;312.01035;0.15221563;0.15530457;8401585ffffffff;2022-10-01;-92.87000207168013
443;315.15408;0.06860858;0.0;8401585ffffffff;2022-11-01;-92.87000207168013
444;321.07285;0.045093834;0.0;8401585ffffffff;2022-12-01;-92.87000207168013
445;325.53186;0.03128308;0.0;8401585ffffffff;2023-01-01;-92.87000207168013
446;330.45596;0.02498453;0.0012001641;8401585ffffffff;2023-02-01;-92.87000207168013
447;341.1194;0.05132343;0.1620598;8401585ffffffff;2023-03-01;-92.87000207168013
448;344.6561;0.40969482;2.4436753;8401585ffffffff;2023-04-01;-92.87000207168013
449;351.39413;1.0192341;9.740934;8401585ffffffff;2023-05-01;-92.87000207168013
450;357.0079;1.562126;22.279722;8401585ffffffff;2023-06-01;-92.87000207168013
451;347.63754;1.4742451;37.18384;8401585ffffffff;2023-07-01;-92.87000207168013
452;326.35764;0.79105496;13.696965;8401585ffffffff;2023-08-01;-92.87000207168013
453;316.29224;0.33624944;2.0000942;8401585ffffffff;2023-09-01;-92.87000207168013
454;317.9127;0.17908098;0.11928496;8401585ffffffff;2023-10-01;-92.87000207168013
455;312.47504;0.1516988;0.15917076;840158dffffffff;2022-10-01;-221.85594989561588
456;315.53708;0.06221935;0.0;840158dffffffff;2022-11-01;-221.85594989561588
457;316.1083;0.035777837;0.0;840158dffffffff;2022-12-01;-221.85594989561588
458;320.5357;0.028971208;0.0;840158dffffffff;2023-01-01;-221.85594989561588
459;326.88953;0.025404627;0.0009913708;840158dffffffff;2023-02-01;-221.85594989561588
460;333.45453;0.060467906;0.16202387;840158dffffffff;2023-03-01;-221.85594989561588
461;339.15295;0.38661814;1.6937894;840158dffffffff;2023-04-01;-221.85594989561588
462;339.1989;0.59358597;4.0037885;840158dffffffff;2023-05-01;-221.85594989561588
463;343.11432;1.3995153;20.644207;840158dffffffff;2023-06-01;-221.85594989561588
464;341.42273;1.3697257;34.446213;840158dffffffff;2023-07-01;-221.85594989561588
465;321.6363;0.77221155;13.910982;840158dffffffff;2023-08-01;-221.85594989561588
466;313.6918;0.36231965;2.3577225;840158dffffffff;2023-09-01;-221.85594989561588
467;315.9951;0.17566457;0.12395113;840158dffffffff;2023-10-01;-221.85594989561588
468;319.0504;0.19896854;0.107925415;84015a1ffffffff;2022-10-01;49.838953855111846
469;324.39587;0.10628749;0.0;84015a1ffffffff;2022-11-01;49.838953855111846
470;331.18454;0.06457538;0.0;84015a1ffffffff;2022-12-01;49.838953855111846
471;338.49622;0.044788983;0.0;84015a1ffffffff;2023-01-01;49.838953855111846
472;341.33646;0.033759203;0.0006888761;84015a1ffffffff;2023-02-01;49.838953855111846
473;348.61963;0.03937961;0.023008363;84015a1ffffffff;2023-03-01;49.838953855111846
474;347.55002;0.14338796;0.13782875;84015a1ffffffff;2023-04-01;49.838953855111846
475;345.0194;0.19403608;0.6289729;84015a1ffffffff;2023-05-01;49.838953855111846
476;346.74985;0.24063824;0.6630715;84015a1ffffffff;2023-06-01;49.838953855111846
477;351.24615;1.1462342;21.329542;84015a1ffffffff;2023-07-01;49.838953855111846
478;334.17682;0.77868897;9.01583;84015a1ffffffff;2023-08-01;49.838953855111846
479;319.33798;0.36650494;1.5497435;84015a1ffffffff;2023-09-01;49.838953855111846
480;327.31772;0.23507613;0.10270607;84015a1ffffffff;2023-10-01;49.838953855111846
481;311.62234;0.13377102;0.08578215;84015a3ffffffff;2022-10-01;-304.2143017260704
482;312.0813;0.05898184;0.0;84015a3ffffffff;2022-11-01;-304.2143017260704
483;322.20447;0.038590398;0.0;84015a3ffffffff;2022-12-01;-304.2143017260704
484;325.9675;0.028390145;0.0;84015a3ffffffff;2023-01-01;-304.2143017260704
485;321.34604;0.021401593;0.00022378312;84015a3ffffffff;2023-02-01;-304.2143017260704
486;330.30966;0.033722695;0.030078707;84015a3ffffffff;2023-03-01;-304.2143017260704
487;341.48007;0.19443028;0.32889667;84015a3ffffffff;2023-04-01;-304.2143017260704
488;343.08176;0.27771574;0.39546886;84015a3ffffffff;2023-05-01;-304.2143017260704
489;348.1354;0.56620365;1.2419215;84015a3ffffffff;2023-06-01;-304.2143017260704
490;341.5427;1.6250995;32.584442;84015a3ffffffff;2023-07-01;-304.2143017260704
491;320.87296;0.6051553;7.9304404;84015a3ffffffff;2023-08-01;-304.2143017260704
492;314.61093;0.28676236;1.5459704;84015a3ffffffff;2023-09-01;-304.2143017260704
493;322.4258;0.14994371;0.090031244;84015a3ffffffff;2023-10-01;-304.2143017260704
494;318.91037;0.18777646;0.16589831;84015a5ffffffff;2022-10-01;-79.60438651531572
495;320.5581;0.085784234;0.0;84015a5ffffffff;2022-11-01;-79.60438651531572
496;329.73135;0.055039216;0.0;84015a5ffffffff;2022-12-01;-79.60438651531572
497;336.3832;0.042953547;0.0;84015a5ffffffff;2023-01-01;-79.60438651531572
498;342.56915;0.0352381;0.0005638847;84015a5ffffffff;2023-02-01;-79.60438651531572
499;346.5298;0.036507014;0.012258336;84015a5ffffffff;2023-03-01;-79.60438651531572
500;344.60855;0.08429235;0.011523926;84015a5ffffffff;2023-04-01;-79.60438651531572
501;344.7102;0.06566653;0.050788116;84015a5ffffffff;2023-05-01;-79.60438651531572
502;346.09897;0.048546452;0.06485254;84015a5ffffffff;2023-06-01;-79.60438651531572
503;361.9003;1.3549796;31.635212;84015a5ffffffff;2023-07-01;-79.60438651531572
504;347.2517;1.0257391;14.461543;84015a5ffffffff;2023-08-01;-79.60438651531572
505;326.7241;0.50254893;3.6060278;84015a5ffffffff;2023-09-01;-79.60438651531572
506;327.31747;0.21164553;0.12105965;84015a5ffffffff;2023-10-01;-79.60438651531572
507;313.75116;0.13333413;0.09167208;84015a7ffffffff;2022-10-01;-181.68553459119497
508;316.0829;0.06649308;0.0;84015a7ffffffff;2022-11-01;-181.68553459119497
509;326.27216;0.04589726;0.0;84015a7ffffffff;2022-12-01;-181.68553459119497
510;332.6526;0.03562492;0.0;84015a7ffffffff;2023-01-01;-181.68553459119497
511;338.89526;0.029093785;0.0006536214;84015a7ffffffff;2023-02-01;-181.68553459119497
512;347.0373;0.03533046;0.017210009;84015a7ffffffff;2023-03-01;-181.68553459119497
513;345.2013;0.10425336;0.017604351;84015a7ffffffff;2023-04-01;-181.68553459119497
514;344.07294;0.0890978;0.09569459;84015a7ffffffff;2023-05-01;-181.68553459119497
515;346.9569;0.09665495;0.100469716;84015a7ffffffff;2023-06-01;-181.68553459119497
516;362.0495;1.555896;35.826294;84015a7ffffffff;2023-07-01;-181.68553459119497
517;333.29633;0.97115517;15.769398;84015a7ffffffff;2023-08-01;-181.68553459119497
518;316.0229;0.3251884;2.4002934;84015a7ffffffff;2023-09-01;-181.68553459119497
519;321.5755;0.1591576;0.08311508;84015a7ffffffff;2023-10-01;-181.68553459119497
520;315.50424;0.17390695;0.10103245;84015a9ffffffff;2022-10-01;337.3786037645938
521;318.23227;0.091568045;0.0;84015a9ffffffff;2022-11-01;337.3786037645938
522;328.30823;0.053988464;0.0;84015a9ffffffff;2022-12-01;337.3786037645938
523;332.44568;0.036767624;0.0;84015a9ffffffff;2023-01-01;337.3786037645938
524;337.66516;0.027876483;0.00090247404;84015a9ffffffff;2023-02-01;337.3786037645938
525;348.28595;0.040167414;0.08521126;84015a9ffffffff;2023-03-01;337.3786037645938
526;350.47543;0.2917671;1.395486;84015a9ffffffff;2023-04-01;337.3786037645938
527;353.1933;0.70554435;6.325944;84015a9ffffffff;2023-05-01;337.3786037645938
528;359.00116;1.2213783;13.049266;84015a9ffffffff;2023-06-01;337.3786037645938
529;350.31256;1.0613639;18.380957;84015a9ffffffff;2023-07-01;337.3786037645938
530;328.6696;0.6310477;6.036507;84015a9ffffffff;2023-08-01;337.3786037645938
531;315.7171;0.29420933;1.1835349;84015a9ffffffff;2023-09-01;337.3786037645938
532;320.6846;0.2040887;0.10200417;84015a9ffffffff;2023-10-01;337.3786037645938
533;314.0394;0.15143938;0.14995506;84015abffffffff;2022-10-01;-129.23120105029653
534;315.77203;0.07001529;0.0;84015abffffffff;2022-11-01;-129.23120105029653
535;323.26166;0.042369805;0.0;84015abffffffff;2022-12-01;-129.23120105029653
536;327.92828;0.030414155;0.0;84015abffffffff;2023-01-01;-129.23120105029653
537;328.2723;0.023773994;0.0008806537;84015abffffffff;2023-02-01;-129.23120105029653
538;335.7234;0.037044484;0.06830038;84015abffffffff;2023-03-01;-129.23120105029653
539;342.66055;0.26769742;1.2637149;84015abffffffff;2023-04-01;-129.23120105029653
540;343.6654;0.5951885;5.3527927;84015abffffffff;2023-05-01;-129.23120105029653
541;350.0357;0.98115695;9.983009;84015abffffffff;2023-06-01;-129.23120105029653
542;338.54578;1.5551178;33.98707;84015abffffffff;2023-07-01;-129.23120105029653
543;322.95828;0.68052876;9.9403105;84015abffffffff;2023-08-01;-129.23120105029653
544;313.65665;0.29345843;1.8126789;84015abffffffff;2023-09-01;-129.23120105029653
545;318.71002;0.16468981;0.11912026;84015abffffffff;2023-10-01;-129.23120105029653
546;328.32608;0.3751784;0.31181398;84015adffffffff;2022-10-01;235.57538925399854
547;335.76068;0.18167323;0.0;84015adffffffff;2022-11-01;235.57538925399854
548;341.99884;0.106212914;0.0;84015adffffffff;2022-12-01;235.57538925399854
549;343.44156;0.06597768;0.0;84015adffffffff;2023-01-01;235.57538925399854
550;348.3206;0.05064305;0.00037437832;84015adffffffff;2023-02-01;235.57538925399854
551;352.37598;0.046091482;0.003437942;84015adffffffff;2023-03-01;235.57538925399854
552;347.14056;0.11396402;0.012482844;84015adffffffff;2023-04-01;235.57538925399854
553;345.60074;0.078800835;0.046687912;84015adffffffff;2023-05-01;235.57538925399854
554;345.02783;0.047789432;0.14684224;84015adffffffff;2023-06-01;235.57538925399854
555;355.2638;0.8641041;19.877207;84015adffffffff;2023-07-01;235.57538925399854
556;352.0418;0.8877027;11.704376;84015adffffffff;2023-08-01;235.57538925399854
557;337.2364;0.69449174;3.675492;84015adffffffff;2023-09-01;235.57538925399854
558;340.11884;0.39538038;0.20901233;84015adffffffff;2023-10-01;235.57538925399854
559;312.382;0.17006865;0.22772953;84015c5ffffffff;2022-10-01;-163.31503067484664
560;313.74826;0.06923396;0.0;84015c5ffffffff;2022-11-01;-163.31503067484664
561;315.00156;0.04194967;0.0;84015c5ffffffff;2022-12-01;-163.31503067484664
562;318.18994;0.02977169;0.0;84015c5ffffffff;2023-01-01;-163.31503067484664
563;324.66733;0.024894422;0.0019211128;84015c5ffffffff;2023-02-01;-163.31503067484664
564;330.87735;0.06505472;0.195594;84015c5ffffffff;2023-03-01;-163.31503067484664
565;331.97653;0.29757848;1.4760554;84015c5ffffffff;2023-04-01;-163.31503067484664
566;335.1107;0.5380604;4.077582;84015c5ffffffff;2023-05-01;-163.31503067484664
567;341.2468;1.5611639;23.727972;84015c5ffffffff;2023-06-01;-163.31503067484664
568;340.34647;1.3166866;34.535347;84015c5ffffffff;2023-07-01;-163.31503067484664
569;315.7625;0.70646286;13.274958;84015c5ffffffff;2023-08-01;-163.31503067484664
570;308.87332;0.38899088;2.96516;84015c5ffffffff;2023-09-01;-163.31503067484664
571;317.76688;0.21702608;0.3047457;84015c5ffffffff;2023-10-01;-163.31503067484664
572;305.6921;0.16840076;0.22430928;84015cdffffffff;2022-10-01;-203.05803974706413
573;308.09644;0.062008098;0.0;84015cdffffffff;2022-11-01;-203.05803974706413
574;309.3185;0.03709516;0.0;84015cdffffffff;2022-12-01;-203.05803974706413
575;315.21732;0.02668572;0.0;84015cdffffffff;2023-01-01;-203.05803974706413
576;317.7919;0.02112783;0.0018295338;84015cdffffffff;2023-02-01;-203.05803974706413
577;322.179;0.06620065;0.16857296;84015cdffffffff;2023-03-01;-203.05803974706413
578;323.9776;0.21919875;0.79198366;84015cdffffffff;2023-04-01;-203.05803974706413
579;326.82172;0.3183538;2.069184;84015cdffffffff;2023-05-01;-203.05803974706413
580;333.69308;1.3930041;21.427347;84015cdffffffff;2023-06-01;-203.05803974706413
581;330.92398;1.2124913;29.939285;84015cdffffffff;2023-07-01;-203.05803974706413
582;311.25992;0.62689924;11.39312;84015cdffffffff;2023-08-01;-203.05803974706413
583;307.7194;0.42757106;3.6557693;84015cdffffffff;2023-09-01;-203.05803974706413
584;314.4139;0.20681845;0.36886582;84015cdffffffff;2023-10-01;-203.05803974706413
585;327.22174;0.13728325;0.07893234;84015e1ffffffff;2022-10-01;351.3916368286445
586;323.97058;0.0790276;0.0;84015e1ffffffff;2022-11-01;351.3916368286445
587;321.77545;0.054682173;0.0;84015e1ffffffff;2022-12-01;351.3916368286445
588;323.78845;0.043063972;0.0;84015e1ffffffff;2023-01-01;351.3916368286445
589;328.72235;0.034729168;0.0009937255;84015e1ffffffff;2023-02-01;351.3916368286445
590;331.7774;0.04118944;0.04953721;84015e1ffffffff;2023-03-01;351.3916368286445
591;341.49304;0.20003581;1.133737;84015e1ffffffff;2023-04-01;351.3916368286445
592;346.03445;0.4703307;5.223738;84015e1ffffffff;2023-05-01;351.3916368286445
593;363.9232;1.5364832;22.570183;84015e1ffffffff;2023-06-01;351.3916368286445
594;370.73828;0.91139716;16.247791;84015e1ffffffff;2023-07-01;351.3916368286445
595;346.67892;0.6005382;5.3239994;84015e1ffffffff;2023-08-01;351.3916368286445
596;336.95807;0.3059155;1.409487;84015e1ffffffff;2023-09-01;351.3916368286445
597;327.08557;0.17753221;0.116961814;84015e1ffffffff;2023-10-01;351.3916368286445
598;316.3302;0.14751376;0.14668927;84015e3ffffffff;2022-10-01;-64.93614028035975
599;317.8883;0.06899388;0.0;84015e3ffffffff;2022-11-01;-64.93614028035975
600;320.269;0.04282548;0.0;84015e3ffffffff;2022-12-01;-64.93614028035975
601;324.29172;0.03187808;0.0;84015e3ffffffff;2023-01-01;-64.93614028035975
602;330.41986;0.027511852;0.0012045316;84015e3ffffffff;2023-02-01;-64.93614028035975
603;338.35318;0.05387256;0.17345287;84015e3ffffffff;2023-03-01;-64.93614028035975
604;345.68265;0.37825826;2.409164;84015e3ffffffff;2023-04-01;-64.93614028035975
605;349.481;0.78267545;7.857012;84015e3ffffffff;2023-05-01;-64.93614028035975
606;355.8042;1.7143345;30.29351;84015e3ffffffff;2023-06-01;-64.93614028035975
607;352.14352;1.3047183;33.91779;84015e3ffffffff;2023-07-01;-64.93614028035975
608;328.39203;0.74722874;12.049805;84015e3ffffffff;2023-08-01;-64.93614028035975
609;319.5687;0.37114483;2.618221;84015e3ffffffff;2023-09-01;-64.93614028035975
610;319.631;0.19547942;0.16234684;84015e3ffffffff;2023-10-01;-64.93614028035975
611;319.65393;0.15039705;0.14759079;84015e9ffffffff;2022-10-01;-0.11134470553796205
612;321.61392;0.0745561;0.0;84015e9ffffffff;2022-11-01;-0.11134470553796205
613;322.4037;0.046788666;0.0;84015e9ffffffff;2022-12-01;-0.11134470553796205
614;324.98663;0.03623768;0.0;84015e9ffffffff;2023-01-01;-0.11134470553796205
615;331.33575;0.030998694;0.0020151844;84015e9ffffffff;2023-02-01;-0.11134470553796205
616;339.23395;0.052852195;0.13357356;84015e9ffffffff;2023-03-01;-0.11134470553796205
617;343.37448;0.24525942;1.8808602;84015e9ffffffff;2023-04-01;-0.11134470553796205
618;349.37296;0.7204597;8.605947;84015e9ffffffff;2023-05-01;-0.11134470553796205
619;357.27386;1.3823712;21.750767;84015e9ffffffff;2023-06-01;-0.11134470553796205
620;354.8624;1.21707;25.766582;84015e9ffffffff;2023-07-01;-0.11134470553796205
621;324.74554;0.5403986;7.5412407;84015e9ffffffff;2023-08-01;-0.11134470553796205
622;318.60666;0.35248822;2.6352077;84015e9ffffffff;2023-09-01;-0.11134470553796205
623;321.78497;0.23254484;0.280311;84015e9ffffffff;2023-10-01;-0.11134470553796205
624;316.7767;0.15512367;0.14772777;84015ebffffffff;2022-10-01;-8.95359126727813
625;318.01678;0.07960488;0.0;84015ebffffffff;2022-11-01;-8.95359126727813
626;322.44583;0.050928373;0.0;84015ebffffffff;2022-12-01;-8.95359126727813
627;325.73962;0.035372917;0.0;84015ebffffffff;2023-01-01;-8.95359126727813
628;331.40305;0.028274471;0.0023900836;84015ebffffffff;2023-02-01;-8.95359126727813
629;339.8455;0.05442525;0.19283493;84015ebffffffff;2023-03-01;-8.95359126727813
630;340.3404;0.29811049;1.9256603;84015ebffffffff;2023-04-01;-8.95359126727813
631;344.29358;0.57486314;6.0053353;84015ebffffffff;2023-05-01;-8.95359126727813
632;350.55447;1.4157745;22.635397;84015ebffffffff;2023-06-01;-8.95359126727813
633;350.0149;1.353836;33.04991;84015ebffffffff;2023-07-01;-8.95359126727813
634;327.31046;0.69621277;10.725465;84015ebffffffff;2023-08-01;-8.95359126727813
635;318.7866;0.34310898;2.3130045;84015ebffffffff;2023-09-01;-8.95359126727813
636;319.14786;0.2175132;0.23422956;84015ebffffffff;2023-10-01;-8.95359126727813
637;303.82904;0.20800765;0.5584346;8401701ffffffff;2022-10-01;-1890.791230366492
638;308.20245;0.07668187;9.401663e-06;8401701ffffffff;2022-11-01;-1890.791230366492
639;309.54663;0.039352395;0.0;8401701ffffffff;2022-12-01;-1890.791230366492
640;312.6856;0.025542295;0.0;8401701ffffffff;2023-01-01;-1890.791230366492
641;317.35672;0.021315731;0.008623148;8401701ffffffff;2023-02-01;-1890.791230366492
642;318.57333;0.08768065;0.14346226;8401701ffffffff;2023-03-01;-1890.791230366492
643;320.16504;0.37765005;2.056646;8401701ffffffff;2023-04-01;-1890.791230366492
644;323.62976;0.4988779;3.7193317;8401701ffffffff;2023-05-01;-1890.791230366492
645;328.3559;1.3471208;21.616848;8401701ffffffff;2023-06-01;-1890.791230366492
646;317.83716;1.0592326;17.949375;8401701ffffffff;2023-07-01;-1890.791230366492
647;304.49493;0.6027307;10.037318;8401701ffffffff;2023-08-01;-1890.791230366492
648;303.034;0.46384835;4.2899394;8401701ffffffff;2023-09-01;-1890.791230366492
649;305.6109;0.2212658;0.5449952;8401701ffffffff;2023-10-01;-1890.791230366492
650;303.7974;0.19930813;0.52547055;8401703ffffffff;2022-10-01;-2073.3413015582037
651;310.24017;0.07463682;2.821202e-06;8401703ffffffff;2022-11-01;-2073.3413015582037
652;310.24808;0.037038453;0.0;8401703ffffffff;2022-12-01;-2073.3413015582037
653;314.36942;0.024154944;0.0;8401703ffffffff;2023-01-01;-2073.3413015582037
654;318.7059;0.021041306;0.006890065;8401703ffffffff;2023-02-01;-2073.3413015582037
655;317.78473;0.07878428;0.12546355;8401703ffffffff;2023-03-01;-2073.3413015582037
656;320.48395;0.30745405;1.4372846;8401703ffffffff;2023-04-01;-2073.3413015582037
657;323.0306;0.5022884;3.5244758;8401703ffffffff;2023-05-01;-2073.3413015582037
658;330.80612;1.3214314;20.445204;8401703ffffffff;2023-06-01;-2073.3413015582037
659;321.04303;1.0684354;17.76313;8401703ffffffff;2023-07-01;-2073.3413015582037
660;308.84448;0.6254717;9.959964;8401703ffffffff;2023-08-01;-2073.3413015582037
661;303.69528;0.45000094;4.1315584;8401703ffffffff;2023-09-01;-2073.3413015582037
662;305.73505;0.21753371;0.542506;8401703ffffffff;2023-10-01;-2073.3413015582037
663;298.17776;0.21513903;0.6245113;8401705ffffffff;2022-10-01;-1129.7199044110325
664;297.43353;0.087695956;1.189024e-05;8401705ffffffff;2022-11-01;-1129.7199044110325
665;303.58588;0.043878406;0.0;8401705ffffffff;2022-12-01;-1129.7199044110325
666;307.84576;0.026813114;0.0;8401705ffffffff;2023-01-01;-1129.7199044110325
667;310.73724;0.022989107;0.011825738;8401705ffffffff;2023-02-01;-1129.7199044110325
668;313.7394;0.13900296;0.3083765;8401705ffffffff;2023-03-01;-1129.7199044110325
669;314.63638;0.5044156;2.2600534;8401705ffffffff;2023-04-01;-1129.7199044110325
670;317.68625;0.3709695;2.4983099;8401705ffffffff;2023-05-01;-1129.7199044110325
671;323.01642;1.2882215;21.709764;8401705ffffffff;2023-06-01;-1129.7199044110325
672;313.001;1.090924;19.75806;8401705ffffffff;2023-07-01;-1129.7199044110325
673;297.95575;0.56017727;10.370759;8401705ffffffff;2023-08-01;-1129.7199044110325
674;294.8561;0.45301;4.598455;8401705ffffffff;2023-09-01;-1129.7199044110325
675;300.08765;0.21610843;0.5116328;8401705ffffffff;2023-10-01;-1129.7199044110325
676;299.31573;0.20944841;0.5607007;8401707ffffffff;2022-10-01;-1292.8145041217272
677;299.58438;0.08496818;3.7289713e-06;8401707ffffffff;2022-11-01;-1292.8145041217272
678;305.31628;0.04222599;0.0;8401707ffffffff;2022-12-01;-1292.8145041217272
679;309.40073;0.026399693;0.0;8401707ffffffff;2023-01-01;-1292.8145041217272
680;311.80893;0.022612922;0.010112046;8401707ffffffff;2023-02-01;-1292.8145041217272
681;314.84064;0.11374423;0.21106671;8401707ffffffff;2023-03-01;-1292.8145041217272
682;316.00156;0.4748455;2.2326062;8401707ffffffff;2023-04-01;-1292.8145041217272
683;318.45544;0.3874748;2.5639193;8401707ffffffff;2023-05-01;-1292.8145041217272
684;323.4858;1.3229867;22.420767;8401707ffffffff;2023-06-01;-1292.8145041217272
685;313.33484;1.0895777;19.8724;8401707ffffffff;2023-07-01;-1292.8145041217272
686;298.86496;0.56324476;10.228949;8401707ffffffff;2023-08-01;-1292.8145041217272
687;294.72305;0.44211566;4.3608227;8401707ffffffff;2023-09-01;-1292.8145041217272
688;300.4211;0.21240558;0.47994694;8401707ffffffff;2023-10-01;-1292.8145041217272
689;305.502;0.20797886;0.56241065;840170bffffffff;2022-10-01;-2305.1078998073217
690;311.252;0.075391196;8.29397e-06;840170bffffffff;2022-11-01;-2305.1078998073217
691;310.35242;0.03689164;0.0;840170bffffffff;2022-12-01;-2305.1078998073217
692;313.90134;0.024520153;0.0;840170bffffffff;2023-01-01;-2305.1078998073217
693;319.54752;0.020487478;0.005454269;840170bffffffff;2023-02-01;-2305.1078998073217
694;320.77283;0.064422876;0.095160484;840170bffffffff;2023-03-01;-2305.1078998073217
695;323.62927;0.24674168;1.1498059;840170bffffffff;2023-04-01;-2305.1078998073217
696;324.0976;0.5090768;3.687235;840170bffffffff;2023-05-01;-2305.1078998073217
697;333.01163;1.2734337;19.384113;840170bffffffff;2023-06-01;-2305.1078998073217
698;323.22864;1.0684328;17.27882;840170bffffffff;2023-07-01;-2305.1078998073217
699;311.5688;0.63694257;9.91719;840170bffffffff;2023-08-01;-2305.1078998073217
700;307.0919;0.45181006;4.077117;840170bffffffff;2023-09-01;-2305.1078998073217
701;310.33215;0.2233145;0.549832;840170bffffffff;2023-10-01;-2305.1078998073217
702;307.47382;0.21137752;0.5647221;8401711ffffffff;2022-10-01;-2431.791173024346
703;311.3666;0.07922567;1.1326796e-06;8401711ffffffff;2022-11-01;-2431.791173024346
704;314.6249;0.03904484;0.0;8401711ffffffff;2022-12-01;-2431.791173024346
705;318.9065;0.024983587;0.0;8401711ffffffff;2023-01-01;-2431.791173024346
706;323.27676;0.021215305;0.0051462813;8401711ffffffff;2023-02-01;-2431.791173024346
707;324.77103;0.07552443;0.16333368;8401711ffffffff;2023-03-01;-2431.791173024346
708;326.13693;0.2636098;1.2754707;8401711ffffffff;2023-04-01;-2431.791173024346
709;328.90482;0.48630095;3.1434352;8401711ffffffff;2023-05-01;-2431.791173024346
710;335.44672;1.2586449;19.1304;8401711ffffffff;2023-06-01;-2431.791173024346
711;326.0434;1.075873;17.652029;8401711ffffffff;2023-07-01;-2431.791173024346
712;312.15585;0.60526705;9.568153;8401711ffffffff;2023-08-01;-2431.791173024346
713;309.1459;0.4024273;3.5406609;8401711ffffffff;2023-09-01;-2431.791173024346
714;314.85422;0.17348592;0.33374965;8401711ffffffff;2023-10-01;-2431.791173024346
715;305.57816;0.20453703;0.5510135;8401715ffffffff;2022-10-01;-2237.5264270613106
716;310.03757;0.07448913;2.5345994e-07;8401715ffffffff;2022-11-01;-2237.5264270613106
717;313.17477;0.038410235;0.0;8401715ffffffff;2022-12-01;-2237.5264270613106
718;317.84122;0.02449984;0.0;8401715ffffffff;2023-01-01;-2237.5264270613106
719;322.66492;0.021030674;0.0049953223;8401715ffffffff;2023-02-01;-2237.5264270613106
720;320.94516;0.07211903;0.115702085;8401715ffffffff;2023-03-01;-2237.5264270613106
721;322.07852;0.27072445;1.2088852;8401715ffffffff;2023-04-01;-2237.5264270613106
722;326.5886;0.47947916;3.1608734;8401715ffffffff;2023-05-01;-2237.5264270613106
723;336.06598;1.3418053;20.809555;8401715ffffffff;2023-06-01;-2237.5264270613106
724;324.06012;1.0866789;18.20848;8401715ffffffff;2023-07-01;-2237.5264270613106
725;312.54636;0.6323467;9.907628;8401715ffffffff;2023-08-01;-2237.5264270613106
726;307.10822;0.4263587;3.7780783;8401715ffffffff;2023-09-01;-2237.5264270613106
727;311.01266;0.20390265;0.4561278;8401715ffffffff;2023-10-01;-2237.5264270613106
728;307.07095;0.2086166;0.5553813;8401717ffffffff;2022-10-01;-2302.793365107237
729;311.12018;0.073833674;8.580308e-09;8401717ffffffff;2022-11-01;-2302.793365107237
730;312.86255;0.038476214;0.0;8401717ffffffff;2022-12-01;-2302.793365107237
731;319.94058;0.024976049;0.0;8401717ffffffff;2023-01-01;-2302.793365107237
732;324.9169;0.0214739;0.0049481336;8401717ffffffff;2023-02-01;-2302.793365107237
733;323.3698;0.063740864;0.084822975;8401717ffffffff;2023-03-01;-2302.793365107237
734;324.29736;0.18801147;0.724656;8401717ffffffff;2023-04-01;-2302.793365107237
735;328.51624;0.41131476;2.7433023;8401717ffffffff;2023-05-01;-2302.793365107237
736;339.29324;1.3570143;20.717531;8401717ffffffff;2023-06-01;-2302.793365107237
737;328.94046;1.0940797;17.971891;8401717ffffffff;2023-07-01;-2302.793365107237
738;313.92453;0.6373793;9.934322;8401717ffffffff;2023-08-01;-2302.793365107237
739;310.028;0.40995908;3.4553304;8401717ffffffff;2023-09-01;-2302.793365107237
740;314.75616;0.19290446;0.35729483;8401717ffffffff;2023-10-01;-2302.793365107237
741;306.14926;0.21058597;0.5661239;8401719ffffffff;2022-10-01;-2513.894786729858
742;310.84576;0.07919531;8.537745e-06;8401719ffffffff;2022-11-01;-2513.894786729858
743;313.52277;0.039011095;0.0;8401719ffffffff;2022-12-01;-2513.894786729858
744;317.92627;0.025742501;0.0;8401719ffffffff;2023-01-01;-2513.894786729858
745;320.4126;0.020469215;0.004173595;8401719ffffffff;2023-02-01;-2513.894786729858
746;322.7852;0.05891797;0.0963949;8401719ffffffff;2023-03-01;-2513.894786729858
747;325.2927;0.2587026;1.1064948;8401719ffffffff;2023-04-01;-2513.894786729858
748;327.23392;0.47403288;3.440116;8401719ffffffff;2023-05-01;-2513.894786729858
749;333.77975;1.2814748;19.656984;8401719ffffffff;2023-06-01;-2513.894786729858
750;323.9336;1.0655893;17.387178;8401719ffffffff;2023-07-01;-2513.894786729858
751;311.3721;0.6241378;9.941026;8401719ffffffff;2023-08-01;-2513.894786729858
752;308.84683;0.4223096;3.6893003;8401719ffffffff;2023-09-01;-2513.894786729858
753;313.4218;0.21653803;0.47789353;8401719ffffffff;2023-10-01;-2513.894786729858
754;306.6662;0.21215554;0.5815891;840171dffffffff;2022-10-01;-2430.741049927757
755;311.09103;0.07757542;5.2238947e-06;840171dffffffff;2022-11-01;-2430.741049927757
756;314.17923;0.03870358;0.0;840171dffffffff;2022-12-01;-2430.741049927757
757;316.95883;0.024703134;0.0;840171dffffffff;2023-01-01;-2430.741049927757
758;320.8813;0.020703245;0.0048178346;840171dffffffff;2023-02-01;-2430.741049927757
759;323.52374;0.061449695;0.098345496;840171dffffffff;2023-03-01;-2430.741049927757
760;326.27344;0.23763506;1.0039146;840171dffffffff;2023-04-01;-2430.741049927757
761;326.6457;0.48310938;3.360768;840171dffffffff;2023-05-01;-2430.741049927757
762;334.2796;1.2707535;19.462513;840171dffffffff;2023-06-01;-2430.741049927757
763;324.37775;1.0685248;17.511786;840171dffffffff;2023-07-01;-2430.741049927757
764;311.90033;0.6242826;9.841917;840171dffffffff;2023-08-01;-2430.741049927757
765;308.6334;0.42635766;3.771984;840171dffffffff;2023-09-01;-2430.741049927757
766;313.45062;0.20712106;0.47003326;840171dffffffff;2023-10-01;-2430.741049927757
767;318.14288;0.23625226;0.57958764;8401721ffffffff;2022-10-01;-180.1271288869355
768;319.97476;0.090293795;2.0192078e-06;8401721ffffffff;2022-11-01;-180.1271288869355
769;317.72656;0.04535458;0.0;8401721ffffffff;2022-12-01;-180.1271288869355
770;319.52274;0.029631017;0.0;8401721ffffffff;2023-01-01;-180.1271288869355
771;325.85028;0.025906974;0.011115637;8401721ffffffff;2023-02-01;-180.1271288869355
772;337.34097;0.13224779;0.51821816;8401721ffffffff;2023-03-01;-180.1271288869355
773;334.0916;0.45574182;2.4285293;8401721ffffffff;2023-04-01;-180.1271288869355
774;329.27304;0.5211945;3.4648783;8401721ffffffff;2023-05-01;-180.1271288869355
775;339.86017;1.6256863;30.182837;8401721ffffffff;2023-06-01;-180.1271288869355
776;331.87802;1.2025259;22.074291;8401721ffffffff;2023-07-01;-180.1271288869355
777;318.23447;0.8175324;14.024174;8401721ffffffff;2023-08-01;-180.1271288869355
778;312.51724;0.46261472;4.3924093;8401721ffffffff;2023-09-01;-180.1271288869355
779;314.38358;0.23746328;0.4437822;8401721ffffffff;2023-10-01;-180.1271288869355
780;305.8961;0.19389157;0.42590207;8401723ffffffff;2022-10-01;-355.4442544578986
781;306.91537;0.071614906;1.2587046e-07;8401723ffffffff;2022-11-01;-355.4442544578986
782;308.02554;0.03883367;0.0;8401723ffffffff;2022-12-01;-355.4442544578986
783;311.93222;0.026839241;0.0;8401723ffffffff;2023-01-01;-355.4442544578986
784;315.98178;0.022010393;0.007977156;8401723ffffffff;2023-02-01;-355.4442544578986
785;318.04926;0.058314998;0.0959894;8401723ffffffff;2023-03-01;-355.4442544578986
786;321.68915;0.2903941;1.3241873;8401723ffffffff;2023-04-01;-355.4442544578986
787;324.29813;0.40808195;2.4445512;8401723ffffffff;2023-05-01;-355.4442544578986
788;332.1681;1.4964304;27.92377;8401723ffffffff;2023-06-01;-355.4442544578986
789;323.34317;1.1681118;20.590923;8401723ffffffff;2023-07-01;-355.4442544578986
790;309.68085;0.6900217;11.4402485;8401723ffffffff;2023-08-01;-355.4442544578986
791;305.47775;0.43950653;4.090018;8401723ffffffff;2023-09-01;-355.4442544578986
792;307.0136;0.19374599;0.3601252;8401723ffffffff;2023-10-01;-355.4442544578986
793;316.1413;0.23853108;0.60974246;8401727ffffffff;2022-10-01;-227.31914657799945
794;315.46234;0.08206665;1.06984444e-07;8401727ffffffff;2022-11-01;-227.31914657799945
795;315.05707;0.04213054;0.0;8401727ffffffff;2022-12-01;-227.31914657799945
796;319.0198;0.029089117;0.0;8401727ffffffff;2023-01-01;-227.31914657799945
797;322.64713;0.0241884;0.008264415;8401727ffffffff;2023-02-01;-227.31914657799945
798;331.02988;0.10972331;0.32343516;8401727ffffffff;2023-03-01;-227.31914657799945
799;328.442;0.29983523;1.3339549;8401727ffffffff;2023-04-01;-227.31914657799945
800;328.7724;0.45215347;2.813059;8401727ffffffff;2023-05-01;-227.31914657799945
801;340.42035;1.6121243;31.154406;8401727ffffffff;2023-06-01;-227.31914657799945
802;334.75513;1.1274779;19.342138;8401727ffffffff;2023-07-01;-227.31914657799945
803;320.6616;0.81797296;13.038779;8401727ffffffff;2023-08-01;-227.31914657799945
804;311.08737;0.45831132;4.258513;8401727ffffffff;2023-09-01;-227.31914657799945
805;312.43765;0.21672747;0.36738798;8401727ffffffff;2023-10-01;-227.31914657799945
806;305.76047;0.21303846;0.57805055;8401729ffffffff;2022-10-01;-279.0258358662614
807;307.1617;0.08251734;8.860026e-06;8401729ffffffff;2022-11-01;-279.0258358662614
808;308.34055;0.042531658;0.0;8401729ffffffff;2022-12-01;-279.0258358662614
809;311.50876;0.02720433;0.0;8401729ffffffff;2023-01-01;-279.0258358662614
810;315.60587;0.023825238;0.013749509;8401729ffffffff;2023-02-01;-279.0258358662614
811;326.8246;0.12746866;0.42642534;8401729ffffffff;2023-03-01;-279.0258358662614
812;323.72006;0.49016032;2.6606734;8401729ffffffff;2023-04-01;-279.0258358662614
813;321.52747;0.44917122;2.943136;8401729ffffffff;2023-05-01;-279.0258358662614
814;330.01407;1.4966149;27.30771;8401729ffffffff;2023-06-01;-279.0258358662614
815;319.4976;1.1823652;21.254433;8401729ffffffff;2023-07-01;-279.0258358662614
816;307.89844;0.7024581;12.342762;8401729ffffffff;2023-08-01;-279.0258358662614
817;302.6633;0.44524372;4.3995657;8401729ffffffff;2023-09-01;-279.0258358662614
818;306.49814;0.21345417;0.421206;8401729ffffffff;2023-10-01;-279.0258358662614
819;304.29492;0.2123797;0.5822093;840172bffffffff;2022-10-01;-369.8644025066628
820;303.48926;0.08084508;2.4301883e-06;840172bffffffff;2022-11-01;-369.8644025066628
821;306.18973;0.04151838;0.0;840172bffffffff;2022-12-01;-369.8644025066628
822;310.52264;0.02750505;0.0;840172bffffffff;2023-01-01;-369.8644025066628
823;313.4501;0.022949224;0.0110906;840172bffffffff;2023-02-01;-369.8644025066628
824;318.7366;0.095001794;0.2431302;840172bffffffff;2023-03-01;-369.8644025066628
825;318.37082;0.4203992;1.9727283;840172bffffffff;2023-04-01;-369.8644025066628
826;320.23965;0.42806485;2.8296473;840172bffffffff;2023-05-01;-369.8644025066628
827;327.23007;1.4379091;25.924774;840172bffffffff;2023-06-01;-369.8644025066628
828;318.67258;1.1690632;21.505644;840172bffffffff;2023-07-01;-369.8644025066628
829;305.8569;0.6712492;11.528819;840172bffffffff;2023-08-01;-369.8644025066628
830;300.09647;0.43368638;4.1285243;840172bffffffff;2023-09-01;-369.8644025066628
831;305.41202;0.20267016;0.3704164;840172bffffffff;2023-10-01;-369.8644025066628
832;312.66187;0.21968341;0.56237584;840172dffffffff;2022-10-01;-168.40568832707882
833;319.5141;0.0887893;7.6184606e-06;840172dffffffff;2022-11-01;-168.40568832707882
834;317.13818;0.045296177;0.0;840172dffffffff;2022-12-01;-168.40568832707882
835;317.83624;0.028634898;0.0;840172dffffffff;2023-01-01;-168.40568832707882
836;325.49652;0.026452884;0.016473655;840172dffffffff;2023-02-01;-168.40568832707882
837;342.09348;0.12197699;0.3131036;840172dffffffff;2023-03-01;-168.40568832707882
838;342.6353;0.6069199;4.237243;840172dffffffff;2023-04-01;-168.40568832707882
839;328.28036;0.55047977;3.5392616;840172dffffffff;2023-05-01;-168.40568832707882
840;338.5481;1.6501931;30.966396;840172dffffffff;2023-06-01;-168.40568832707882
841;326.7985;1.2204689;21.910427;840172dffffffff;2023-07-01;-168.40568832707882
842;316.71045;0.81983685;14.347887;840172dffffffff;2023-08-01;-168.40568832707882
843;313.26898;0.46730733;4.483917;840172dffffffff;2023-09-01;-168.40568832707882
844;312.20856;0.23814332;0.48725396;840172dffffffff;2023-10-01;-168.40568832707882
845;300.14713;0.19592117;0.43559524;8401731ffffffff;2022-10-01;-1301.7039950534163
846;300.85126;0.079155385;1.2639917e-08;8401731ffffffff;2022-11-01;-1301.7039950534163
847;304.55945;0.041616533;0.0;8401731ffffffff;2022-12-01;-1301.7039950534163
848;311.17557;0.026120728;0.0;8401731ffffffff;2023-01-01;-1301.7039950534163
849;314.0462;0.021817619;0.0072798086;8401731ffffffff;2023-02-01;-1301.7039950534163
850;314.503;0.08717998;0.14268297;8401731ffffffff;2023-03-01;-1301.7039950534163
851;317.6501;0.44289055;2.0734148;8401731ffffffff;2023-04-01;-1301.7039950534163
852;320.32733;0.40364742;2.4503329;8401731ffffffff;2023-05-01;-1301.7039950534163
853;326.57108;1.3796874;21.95208;8401731ffffffff;2023-06-01;-1301.7039950534163
854;314.82782;1.0935649;19.40315;8401731ffffffff;2023-07-01;-1301.7039950534163
855;303.3669;0.6006482;9.823579;8401731ffffffff;2023-08-01;-1301.7039950534163
856;295.6282;0.4324539;4.2045817;8401731ffffffff;2023-09-01;-1301.7039950534163
857;300.417;0.19190103;0.35909498;8401731ffffffff;2023-10-01;-1301.7039950534163
858;303.29642;0.19528471;0.41163796;8401733ffffffff;2022-10-01;-1857.946272260791
859;302.69608;0.07429137;0.0;8401733ffffffff;2022-11-01;-1857.946272260791
860;308.98483;0.03983998;0.0;8401733ffffffff;2022-12-01;-1857.946272260791
861;314.2563;0.025184395;0.0;8401733ffffffff;2023-01-01;-1857.946272260791
862;317.9702;0.020823823;0.004780395;8401733ffffffff;2023-02-01;-1857.946272260791
863;320.11984;0.078525685;0.14929244;8401733ffffffff;2023-03-01;-1857.946272260791
864;320.29797;0.2303453;0.8992279;8401733ffffffff;2023-04-01;-1857.946272260791
865;325.25745;0.42541677;2.7599244;8401733ffffffff;2023-05-01;-1857.946272260791
866;331.2498;1.3768296;21.305674;8401733ffffffff;2023-06-01;-1857.946272260791
867;320.59476;1.1280087;20.859575;8401733ffffffff;2023-07-01;-1857.946272260791
868;306.09622;0.6133151;9.8045225;8401733ffffffff;2023-08-01;-1857.946272260791
869;301.57834;0.42903727;3.8129036;8401733ffffffff;2023-09-01;-1857.946272260791
870;303.45056;0.19999844;0.39343107;8401733ffffffff;2023-10-01;-1857.946272260791
871;302.7354;0.18617259;0.39861298;8401735ffffffff;2022-10-01;-402.68799591350245
872;303.34283;0.07364241;4.0017007e-09;8401735ffffffff;2022-11-01;-402.68799591350245
873;306.61694;0.03957726;0.0;8401735ffffffff;2022-12-01;-402.68799591350245
874;310.97812;0.026728345;0.0;8401735ffffffff;2023-01-01;-402.68799591350245
875;314.1656;0.021710506;0.0071191867;8401735ffffffff;2023-02-01;-402.68799591350245
876;318.09634;0.062478263;0.12780586;8401735ffffffff;2023-03-01;-402.68799591350245
877;321.60022;0.3736707;1.733048;8401735ffffffff;2023-04-01;-402.68799591350245
878;324.76498;0.37022138;2.1070752;8401735ffffffff;2023-05-01;-402.68799591350245
879;331.07535;1.4694661;26.441105;8401735ffffffff;2023-06-01;-402.68799591350245
880;321.98148;1.1394609;19.939869;8401735ffffffff;2023-07-01;-402.68799591350245
881;307.89774;0.63282454;10.423354;8401735ffffffff;2023-08-01;-402.68799591350245
882;301.53943;0.4479519;4.31954;8401735ffffffff;2023-09-01;-402.68799591350245
883;305.9413;0.19066015;0.33061212;8401735ffffffff;2023-10-01;-402.68799591350245
884;299.78622;0.18356167;0.363704;8401737ffffffff;2022-10-01;-1084.1173674588665
885;299.18695;0.07860265;0.0;8401737ffffffff;2022-11-01;-1084.1173674588665
886;303.49072;0.0407434;0.0;8401737ffffffff;2022-12-01;-1084.1173674588665
887;310.31033;0.026138937;0.0;8401737ffffffff;2023-01-01;-1084.1173674588665
888;312.9824;0.021491515;0.0053402246;8401737ffffffff;2023-02-01;-1084.1173674588665
889;315.92752;0.09315548;0.2645848;8401737ffffffff;2023-03-01;-1084.1173674588665
890;318.24777;0.3888044;1.687511;8401737ffffffff;2023-04-01;-1084.1173674588665
891;321.3974;0.4315486;2.5684557;8401737ffffffff;2023-05-01;-1084.1173674588665
892;326.23886;1.3585674;20.7451;8401737ffffffff;2023-06-01;-1084.1173674588665
893;317.49936;1.1336149;21.014963;8401737ffffffff;2023-07-01;-1084.1173674588665
894;303.75754;0.5935749;9.206475;8401737ffffffff;2023-08-01;-1084.1173674588665
895;296.3143;0.4288124;4.03384;8401737ffffffff;2023-09-01;-1084.1173674588665
896;300.53186;0.17796318;0.31878945;8401737ffffffff;2023-10-01;-1084.1173674588665
897;301.69858;0.19808622;0.50454265;8401739ffffffff;2022-10-01;-1641.5122946457084
898;304.71478;0.07645375;3.3783212e-07;8401739ffffffff;2022-11-01;-1641.5122946457084
899;308.13525;0.039523657;0.0;8401739ffffffff;2022-12-01;-1641.5122946457084
900;312.6049;0.025483342;0.0;8401739ffffffff;2023-01-01;-1641.5122946457084
901;316.06488;0.021647245;0.007864357;8401739ffffffff;2023-02-01;-1641.5122946457084
902;315.98935;0.099637456;0.17317984;8401739ffffffff;2023-03-01;-1641.5122946457084
903;318.69852;0.3986073;1.9172163;8401739ffffffff;2023-04-01;-1641.5122946457084
904;320.14844;0.42267647;2.7076018;8401739ffffffff;2023-05-01;-1641.5122946457084
905;327.85883;1.3567015;21.420607;8401739ffffffff;2023-06-01;-1641.5122946457084
906;315.66995;1.0918318;19.334093;8401739ffffffff;2023-07-01;-1641.5122946457084
907;304.26288;0.60075855;10.006915;8401739ffffffff;2023-08-01;-1641.5122946457084
908;297.64493;0.43890864;4.2612143;8401739ffffffff;2023-09-01;-1641.5122946457084
909;300.9953;0.21055265;0.4952068;8401739ffffffff;2023-10-01;-1641.5122946457084
910;304.53662;0.19907817;0.50263643;840173bffffffff;2022-10-01;-2035.3241752523675
911;306.02542;0.07174625;1.810741e-09;840173bffffffff;2022-11-01;-2035.3241752523675
912;310.6926;0.037369557;0.0;840173bffffffff;2022-12-01;-2035.3241752523675
913;314.09567;0.025261762;0.0;840173bffffffff;2023-01-01;-2035.3241752523675
914;321.4944;0.020862283;0.004869531;840173bffffffff;2023-02-01;-2035.3241752523675
915;321.22748;0.073122926;0.11008776;840173bffffffff;2023-03-01;-2035.3241752523675
916;322.57623;0.2579418;1.0665327;840173bffffffff;2023-04-01;-2035.3241752523675
917;326.09427;0.42966506;2.769303;840173bffffffff;2023-05-01;-2035.3241752523675
918;334.48764;1.3974341;21.53017;840173bffffffff;2023-06-01;-2035.3241752523675
919;321.64966;1.104623;19.31219;840173bffffffff;2023-07-01;-2035.3241752523675
920;308.94662;0.6371803;10.151139;840173bffffffff;2023-08-01;-2035.3241752523675
921;303.07925;0.43646723;4.009687;840173bffffffff;2023-09-01;-2035.3241752523675
922;304.95633;0.21011586;0.47016388;840173bffffffff;2023-10-01;-2035.3241752523675
923;299.42676;0.19859703;0.50092673;840173dffffffff;2022-10-01;-596.8859534949167
924;299.07507;0.0798337;2.599644e-07;840173dffffffff;2022-11-01;-596.8859534949167
925;304.24524;0.041152734;0.0;840173dffffffff;2022-12-01;-596.8859534949167
926;309.0045;0.0269077;0.0;840173dffffffff;2023-01-01;-596.8859534949167
927;311.52933;0.022257898;0.008417992;840173dffffffff;2023-02-01;-596.8859534949167
928;314.70154;0.0722263;0.11170501;840173dffffffff;2023-03-01;-596.8859534949167
929;317.51453;0.4314386;2.0774484;840173dffffffff;2023-04-01;-596.8859534949167
930;319.42145;0.36859223;2.1959715;840173dffffffff;2023-05-01;-596.8859534949167
931;325.64227;1.3646017;23.179731;840173dffffffff;2023-06-01;-596.8859534949167
932;316.98044;1.1346711;20.101772;840173dffffffff;2023-07-01;-596.8859534949167
933;303.01666;0.6228074;10.601805;840173dffffffff;2023-08-01;-596.8859534949167
934;297.4927;0.4352801;4.262773;840173dffffffff;2023-09-01;-596.8859534949167
935;302.4804;0.18939537;0.3366424;840173dffffffff;2023-10-01;-596.8859534949167
936;;;;84002d1ffffffff;;829.711704378968
937;;;;84002d7ffffffff;;525.8433865296186
938;;;;84002d9ffffffff;;601.9802698807808
939;;;;84002dbffffffff;;477.1916616020421
940;;;;8401461ffffffff;;-2183.5638655462185
941;;;;8401531ffffffff;;300.0483282674772
942;;;;8401533ffffffff;;149.21122904008135
943;;;;8401537ffffffff;;534.6647895389901
944;;;;8401539ffffffff;;330.5381740076432
945;;;;840153bffffffff;;70.3077089825227
946;;;;840153dffffffff;;372.13060057197333
947;;;;84015e5ffffffff;;446.62657555049356
948;;;;84015e7ffffffff;;701.0268418467583
949;;;;84015edffffffff;;265.99052357261314
950;;;;8401725ffffffff;;-172.55
951;;;;8401757ffffffff;;-2505.0
